﻿Nome da tarefa,Status,Responsável,Prazo,Prioridade,Projeto
Machine monitoring,A fazer,"Bred , Prof Veríssimo, pedrovianaguedes5293@gmail.com",,,Machine Monitoring (https://www.notion.so/Machine-Monitoring-253dcb3b07e9481b8f82bd9a720c3347?pvs=21)
Suporte e Treinamento,A fazer,,,,Machine Monitoring (https://www.notion.so/Machine-Monitoring-253dcb3b07e9481b8f82bd9a720c3347?pvs=21)
Relatórios Personalizados:,A fazer,,,,Machine Monitoring (https://www.notion.so/Machine-Monitoring-253dcb3b07e9481b8f82bd9a720c3347?pvs=21)
Manutenção Preditiva,A fazer,,,,Machine Monitoring (https://www.notion.so/Machine-Monitoring-253dcb3b07e9481b8f82bd9a720c3347?pvs=21)
Monitoramento em Tempo Real,A fazer,,,,Machine Monitoring (https://www.notion.so/Machine-Monitoring-253dcb3b07e9481b8f82bd9a720c3347?pvs=21)
Visão Geral,A fazer,,,,Machine Monitoring (https://www.notion.so/Machine-Monitoring-253dcb3b07e9481b8f82bd9a720c3347?pvs=21)
Mapa mental,A fazer,,,,Machine Monitoring (https://www.notion.so/Machine-Monitoring-253dcb3b07e9481b8f82bd9a720c3347?pvs=21)
Agendar reunião inicial,Em andamento,"Bred ",30 de agosto de 2023,,
Recriar site,A fazer,"Bred ",2 de setembro de 2023,,
Convidar membros da equipe,A fazer,"Bred ",27 de setembro de 2023,,
Escrever proposta de projeto,A fazer,"Bred ",4 de setembro de 2023,,
Adicionar modelos de projetos,A fazer,"Bred ",4 de setembro de 2023,,
Analisar os resultados da pesquisa,A fazer,"Bred ",13 de setembro de 2023,,